
/*
USE master;
go

execute xp_create_subdir 'C:\Lista04';
go

create database Lista04
	on primary (
		NAME = 'Arquivo_Principal',
		FILENAME = 'C:\Users\Suporte\Desktop\IFSP-TADS\BDD2\Lista04\Arquivo_principal.mdf',
		SIZE = 5 MB,
		FILEGROWTH = 10%
	),
	FILEGROUP FG1 (
		NAME = 'Arquivo_Dados',
		FILENAME = 'C:\Users\Suporte\Desktop\IFSP-TADS\BDD2\Lista04\Arquivo_Dados.ndf',
		SIZE = 3 MB,
		FILEGROWTH = 10%
	)
	LOG ON (
		NAME = 'Arquivo_Log',
		FILENAME = 'C:\Users\Suporte\Desktop\IFSP-TADS\BDD2\Lista04\Arquivo_Log.ldf',
		SIZE = 3 MB,
		FILEGROWTH = 10%
	);
go 
*/

use master;
go

IF DB_ID('Lista04') IS NULL
	create database Lista04;
go

use Lista04;

set dateformat DMY;

create table fornecedores (
	codigo int primary key,
	nome varchar(35),
	contato varchar(30),
	ddd char(3),
	telefone char(9),
	estado char(2)
);
go

insert into fornecedores (codigo, nome, contato, ddd, telefone, estado) values
(1, 'Comercial Pereira', 'Juvenal Pereira', '011', '995679090', 'SP'),
(2, 'Lojas Mariana', 'Mariana Lima', '011', '990098080', 'SP'),
(3, 'Cipriano Cia.', 'Carlos Cipriano', '011', '997788800', 'SP'),
(4, 'Casas Bahia', 'André Malvezzi', '073', '995666060', 'BA'),
(5, 'Mercearia do Zé', 'José da Silva', '012', '987770001', 'SP'),
(6, 'Mercadinho Bazanela', 'Avelino Júnior', '012', '983321210', 'SP'),
(7, 'Comercial Liminha', 'Liminha Soares', '011', '982220000', 'SP'),
(8, 'Comercial Manzano', 'José Augusto', '084', '989090110', 'RN'),
(9, 'Baú da Felicidade', 'Sílvio Santos', '011', '995551010', 'SP'),
(10, 'Armazém Paraíba', 'Walter Luiz', '083', '993232404', 'PB'),
(11, 'Lojas do Tiozão', 'Helton Hugo', '034', '994504545', 'MG'),
(12, 'Armazém da Família', 'Simone Pereira', '011', '985006070', 'SP'),
(13, 'Armazém do Gaúcho', 'João Orlando', '051', '993215050', 'RS'),
(14, 'Galpões Correia', 'João Correia', '012', '997890001', 'SP'),
(15, 'Mercadinho Bambuí', 'Alisson Ribeiro', '037', '995088999', 'MG');
go

create table produtos (
	codigo varchar(10) primary key,
	descricao varchar(100),
	data_estocagem date,
	unidades_disponiveis int,
	valor_unitario decimal(9,2),
	taxa_desconto decimal(5,2),
	cod_fornecedor int foreign key references fornecedores(codigo)
);
go

insert into produtos (codigo, descricao, data_estocagem, unidades_disponiveis, valor_unitario, taxa_desconto, cod_fornecedor) values
('SSGS3G6', 'Smartphone Samsung Galaxy S7 32 GB', CONVERT(date,'17/04/2016',103), 36, 3199.00, 0.08, 7),
('NAAE13', 'Notebook Acer Aspire E5-574-307M', CONVERT(date,'01/08/2016',103), 37, 1994.05, 0.16, 7),
('CCDFS65', 'Colcha Casal Dupla Face Santista', CONVERT(date,'21/06/2016',103), 16, 80.67, 0.13, 13),
('MMSN97', 'Mochila Multilaser Slim Notebook', CONVERT(date,'02/07/2016',103), 38, 116.55, 0.00, 5),
('CSCZPN44', 'Capa Stillo Com Zíper Para Notebook', CONVERT(date,'12/02/2016',103), 14, 16.80, 0.10, 7),
('MBFN73', 'Mochila Belkin F8N780NNC01 Notebook', CONVERT(date,'07/09/2016',103), 10, 94.00, 0.00, 12),
('PNMC64', 'Pasta Notebook Multilaser Casual', CONVERT(date,'23/03/2016',103), 22, 74.00, 0.00, 12),
('CSCBPN16', 'Capa Stillo Com Bolso Para Notebook', CONVERT(date,'01/03/2016',103), 18, 18.90, 0.10, 4),
('MGNA90', 'Mochila G Notebook Acolchoada', CONVERT(date,'31/07/2016',103), 19, 79.90, 0.33, 6),
('PPNM74', 'Pasta Para Notebook Multiuso', CONVERT(date,'12/08/2016',103), 29, 24.20, 0.07, 5),
('S4LLV80', 'Sofá 4 Lugares Linoforte Versalhes', CONVERT(date,'26/01/2016',103), 23, 899.91, 0.00, 13),
('JCSS32', 'Jogo Cama Solteiro Santista', CONVERT(date,'13/04/2016',103), 7, 72.92, 0.02, 6),
('JCSA12', 'Jogo Cama Solteiro Allison', CONVERT(date,'01/09/2016',103), 35, 57.30, 0.00, 14),
('CBCSS35', 'Cama Box Conjugada Solteiro Somopar', CONVERT(date,'01/07/2016',103), 16, 664.90, 0.06, 3),
('STL6UH4S87', 'Smart TV LED 60 Ultra HD 4K Samsung', CONVERT(date,'21/07/2016',103), 46, 8499.00, 0.00, 9),
('BMLM43', 'Boneca Mattel Little Mommy', CONVERT(date,'18/09/2016',103), 46, 89.90, 0.00, 7),
('DPSB32', 'Depilador Philips Satinelle Bivolt', CONVERT(date,'09/10/2016',103), 6, 117.50, 0.00, 12),
('EAMV21', 'Escova Alisadora Mondial Vermelha', CONVERT(date,'04/06/2016',103), 48, 199.90, 0.00, 7),
('ADPPP27', 'Aparelho De Pressão Pulso Premium', CONVERT(date,'06/03/2016',103), 8, 74.00, 0.00, 4),
('SCTSM12', 'Secador Cabelos Taiff Smart Motor', CONVERT(date,'15/07/2016',103), 17, 110.90, 0.00, 11),
('ERMT49', 'Escova Rotativa Mondial Tourmaline', CONVERT(date,'31/07/2016',103), 7, 80.82, 0.39, 3),
('SDCTT70', 'Secador De Cabelos Taiff Titanium', CONVERT(date,'13/09/2016',103), 49, 349.00, 0.31, 7),
('APPM32', 'Aparador Pelos Philips MultiGroom', CONVERT(date,'23/01/2016',103), 22, 82.56, 0.26, 7),
('CPAE71', 'Colchão Pneumático Anti Escaras', CONVERT(date,'18/08/2016',103), 38, 517.00, 0.43, 6),
('FDKTB67', 'Fita De Kinésio Tape Bandagem', CONVERT(date,'01/09/2016',103), 5, 35.00, 0.17, 15),
('DPFEI79', 'Depilador Portátil Facial E Intimo', CONVERT(date,'19/06/2016',103), 0, 29.13, 0.00, 13),
('TL2HPP39', 'TV LED 20 HD Philco PH20U21D', CONVERT(date,'10/06/2016',103), 32, 659.90, 0.19, 15),
('STL3HS351', 'Smart TV LED 32 HD Samsung 32J4300', CONVERT(date,'05/01/2016',103), 41, 1289.00, 0.20, 7),
('STC34L463', 'Smart TV Cinema 3D 42 LG 42LF6500', CONVERT(date,'13/09/2016',103), 24, 1999.00, 0.00, 12),
('STL5UHS55', 'Smart TV LED 55 Ultra HD Samsung', CONVERT(date,'09/09/2016',103), 41, 4299.00, 0.11, 11),
('STL6UHS7', 'Smart TV LED 65 Ultra HD Samsung', CONVERT(date,'22/01/2016',103), 42, 8850.38, 0.19, 13),
('HTSH74', 'Home Theater Samsung HT-F4505/ZD', CONVERT(date,'07/05/2016',103), 43, 809.00, 0.13, 6),
('HTT5550', 'Home Theater TRC 5198 5.1', CONVERT(date,'11/04/2016',103), 30, 247.00, 0.00, 10),
('DPLD46', 'DVD Player LG DP132', CONVERT(date,'20/06/2016',103), 27, 128.00, 0.35, 2),
('DPMD49', 'DVD Player Mondial D-15', CONVERT(date,'23/07/2016',103), 30, 86.90, 0.33, 3),
('DPKBF90', 'DVD Player Karaokê Britânia Fama', CONVERT(date,'01/09/2016',103), 33, 120.90, 0.00, 2),
('STL4STD5', 'Smart TV LED 48 Semp Toshiba DL', CONVERT(date,'22/07/2016',103), 22, 1689.99, 0.00, 15),
('KOPBD37', 'Kit Oficina Portátil Black Decker', CONVERT(date,'08/05/2016',103), 1, 152.91, 0.35, 15),
('EMA5D75', 'Escada Metalmix Artmix 5 Degraus', CONVERT(date,'20/04/2016',103), 44, 62.91, 0.53, 12),
('LOBDQ49', 'Lixadeira Orbital Black Decker QS80', CONVERT(date,'13/04/2016',103), 23, 238.99, 0.17, 5),
('FBD18', 'Furadeira Black Decker', CONVERT(date,'06/05/2016',103), 18, 139.42, 0.20, 5),
('LDAPI51', 'Lavadora De Alta Pressão Intech', CONVERT(date,'11/03/2016',103), 33, 224.99, 0.29, 7),
('MTF43', 'Mangueira Tramontina Flex', CONVERT(date,'14/04/2016',103), 1, 55.76, 0.27, 9),
('CDASAP16', 'Compressor De Ar Schulz Air Plus', CONVERT(date,'28/09/2016',103), 1, 399.00, 0.30, 4),
('LBDC1', 'Lixadeira Black Decker CD450', CONVERT(date,'25/01/2016',103), 40, 210.84, 0.00, 1),
('CDASAP98', 'Compressor De Ar Schulz Air Plus', CONVERT(date,'05/07/2016',103), 33, 399.00, 0.30, 6),
('EABD89', 'Esmerilhadeira Angular Black Decker', CONVERT(date,'24/01/2016',103), 27, 134.91, 0.26, 2),
('PPS75', 'Pistola Pulverizadora Schulz', CONVERT(date,'14/08/2016',103), 40, 305.10, 0.34, 15),
('FDI3B28', 'Furadeira De Impacto 3/8 BD500', CONVERT(date,'16/04/2016',103), 18, 80.99, 0.41, 14),
('BDPF82', 'Bomba D''Água Periférica Ferrari', CONVERT(date,'28/06/2016',103), 18, 101.54, 0.29, 8),
('METB70', 'Moto Esmeril Tramontina Bivolt', CONVERT(date,'13/08/2016',103), 30, 110.05, 0.18, 5),
('PABT50', 'Parafusadeira A Bateria Tramontina', CONVERT(date,'27/04/2016',103), 11, 102.71, 0.20, 5),
('P7BDW65', 'Politriz 7 Black Decker WP1500K', CONVERT(date,'30/03/2016',103), 20, 407.55, 0.18, 3),
('ADGBD48', 'Aparador De Grama Black Decker', CONVERT(date,'02/04/2016',103), 33, 116.01, 0.12, 15),
('BDIM46', 'Bomba D''água Intech Machine', CONVERT(date,'17/06/2016',103), 47, 205.61, 0.06, 9),
('SVT9', 'Soprador VB2101E Tekna', CONVERT(date,'20/03/2016',103), 40, 239.90, 0.07, 8),
('AET61', 'Aparador Elétrico Tramontina', CONVERT(date,'28/03/2016',103), 15, 179.10, 0.00, 4),
('BDFI45', 'Bomba D''água Ferrari IDB-40', CONVERT(date,'18/01/2016',103), 15, 143.10, 0.20, 15),
('PDAIM92', 'Pistola De Ar Intech Machine', CONVERT(date,'16/01/2016',103), 12, 48.90, 0.00, 10),
('PEDCV30', 'Podador Elétrico De Cerca Viva', CONVERT(date,'25/02/2016',103), 46, 379.00, 0.00, 7),
('LOER54', 'Lixadeira Orbital Einhell RT', CONVERT(date,'08/07/2016',103), 9, 276.90, 0.02, 3),
('ST-ER24', 'Serra Tico -Tico Einhell RT-JS', CONVERT(date,'03/01/2016',103), 44, 391.89, 0.00, 11),
('MEEB192', 'Moto Esmeril Einhell BG 150', CONVERT(date,'06/02/2016',103), 26, 109.00, 0.16, 14),
('PCDG24', 'Pistola Convencional De Gravidade', CONVERT(date,'25/01/2016',103), 26, 72.51, 0.08, 7),
('RLAG22', 'Roçadeira Lateral A Gasolina', CONVERT(date,'15/04/2016',103), 34, 699.62, 0.13, 15),
('MTM169', 'Motobomba Tekna MBAE 15TKL', CONVERT(date,'27/01/2016',103), 13, 554.04, 0.00, 7),
('MDCS67', 'Mesa De Centro Saara', CONVERT(date,'10/07/2016',103), 14, 129.90, 0.00, 8),
('MDCAH47', 'Mesa De Centro Artely Happy', CONVERT(date,'18/01/2016',103), 21, 95.90, 0.00, 10),
('MDCAC39', 'Mesa De Centro Artely Cult', CONVERT(date,'19/06/2016',103), 1, 164.00, 0.17, 5),
('MLIP54', 'Mesa Lateral Intense Patrimar', CONVERT(date,'14/09/2016',103), 39, 208.39, 0.00, 5),
('MDCF23', 'Mesa De Centro Freijó', CONVERT(date,'15/01/2016',103), 38, 189.99, 0.27, 9),
('MDCB75', 'Mesa De Centro Bella', CONVERT(date,'04/02/2016',103), 15, 169.00, 0.16, 6),
('MDCE38', 'Mesa De Centro EDN', CONVERT(date,'03/01/2016',103), 18, 208.00, 0.28, 8),
('MDCL16', 'Mesa De Centro Londres', CONVERT(date,'27/02/2016',103), 4, 184.33, 0.26, 2),
('MDCC20', 'Mesa De Centro Criativa', CONVERT(date,'06/04/2016',103), 38, 121.00, 0.19, 11),
('MDCC62', 'Mesa De Centro Catania', CONVERT(date,'22/01/2016',103), 46, 496.89, 0.00, 6),
('MDCB34', 'Mesa De Centro Bupli', CONVERT(date,'03/05/2016',103), 7, 1059.00, 0.23, 8),
('MDCP91', 'Mesa De Centro Phorman', CONVERT(date,'06/08/2016',103), 43, 306.00, 0.40, 8),
('MPC87', 'Multiprocessador Philco Citrus', CONVERT(date,'21/02/2016',103), 27, 159.00, 0.63, 7),
('LPP92', 'Liquidificador Philco PH900', CONVERT(date,'09/04/2016',103), 46, 158.37, 0.00, 12),
('ADPBD35', 'Aspirador De Pó Britânia Dust', CONVERT(date,'25/08/2016',103), 42, 109.90, 0.42, 7),
('MPWV4', 'Mixer Philips Walita Viva', CONVERT(date,'26/01/2016',103), 36, 149.90, 0.68, 11),
('GMRS67', 'Grill Mondial Redondo Smart', CONVERT(date,'16/01/2016',103), 12, 109.90, 0.52, 6),
('PDE83', 'Purificador D''água Electrolux', CONVERT(date,'08/10/2016',103), 14, 599.90, 0.00, 14),
('CEA75', 'Cafeteira Expresso Arno', CONVERT(date,'12/02/2016',103), 15, 299.00, 0.30, 11),
('LPP978', 'Liquidificador Philco PH 900W', CONVERT(date,'14/07/2016',103), 48, 119.90, 0.41, 7),
('PDAP17', 'Processador De Alimentos Philips', CONVERT(date,'20/08/2016',103), 17, 179.90, 0.23, 4),
('BAP54', 'Batedeira Arno Planetária', CONVERT(date,'09/01/2016',103), 26, 319.00, 0.43, 7),
('BOC54', 'Batedeira Orbital Cadence', CONVERT(date,'28/08/2016',103), 25, 299.00, 0.25, 8),
('BPPC8', 'Batedeira Philco Power Chef', CONVERT(date,'22/02/2016',103), 49, 519.90, 0.23, 1),
('BPK40', 'Batedeira Planetária Kitchenaid', CONVERT(date,'16/07/2016',103), 47, 2798.99, 0.16, 9),
('APBD14', 'Aspirador Portátil Black Decker', CONVERT(date,'19/04/2016',103), 38, 119.90, 0.47, 12),
('ADPP79', 'Aspirador De Pó Philco', CONVERT(date,'10/01/2016',103), 48, 259.90, 0.18, 2),
('ADPEN58', 'Aspirador De Pó Electrolux Nano', CONVERT(date,'10/06/2016',103), 22, 179.00, 0.40, 11),
('VESFM63', 'Vassoura Eletrica Sem Fio Magica', CONVERT(date,'05/10/2016',103), 16, 114.40, 0.00, 6),
('VEF25', 'Vassoura Elétrica Fogatti', CONVERT(date,'16/06/2016',103), 21, 171.33, 0.00, 7),
('SEGBC45', 'Sanduicheira E Grill Britânia Crome', CONVERT(date,'26/09/2016',103), 37, 59.90, 0.38, 3),
('OBDP36', 'Omeleteira Britânia Duo Plus', CONVERT(date,'14/09/2016',103), 45, 79.90, 0.21, 1),
('SEGM15', 'Sanduicheira E Grill Mondial', CONVERT(date,'14/07/2016',103), 31, 74.90, 0.16, 2),
('SPO48', 'Sanduicheira Panini Oster', CONVERT(date,'15/08/2016',103), 10, 449.90, 0.08, 3);
go

create table clientes (
	codigo int primary key,
	nome varchar(50),
	ddd char(3),
	telefone char(9),
	saldo decimal(10,2)
);
go

insert into clientes (codigo, nome, ddd, telefone, saldo) values
(1, 'Maria da Silva', '086', '974181078', 3873.00),
(2, 'Pedro Pereira', '067', '998128287', 3052.00),
(3, 'Maria Cristina', '082', '995015315', 2324.00),
(4, 'Antônio Carlos', '069', '913837024', 17803.00),
(5, 'Marcelo Augusto', '075', '954423540', 3272.00),
(6, 'Pedro Pereira da Silva', '037', '910687398', 10822.00),
(7, 'Mônica da Silva', '082', '953536431', 10970.00),
(8, 'Tiago Lima', '075', '940732874', 16902.00),
(9, 'Paulo Gomes', '031', '988834189', 6341.00),
(10, 'Júlia César', '011', '910909243', 7466.00),
(11, 'Edson Renato', '077', '927906009', 1872.00),
(12, 'Sheila Lima', '068', '960453238', 8848.00),
(13, 'Antônio Carlos', '099', '915123842', 18158.00),
(14, 'Antônio Carlos', '075', '961092395', 3340.00),
(15, 'Marcelo Pereira', '073', '977343920', 13025.00),
(16, 'Eduardo Lima', '045', '998852987', 9351.00),
(17, 'Verônica Souza', '062', '924514504', 1798.00),
(18, 'Hélio Souza', '096', '911847947', 19079.00),
(19, 'Carlos Alberto', '062', '938303536', 15444.00),
(20, 'Edson Soares', '021', '999549294', 10523.00),
(21, 'Lúcio Mauro', '093', '996288312', 17947.00),
(22, 'Helena Cristina', '017', '984793585', 18906.00),
(23, 'Hugo Augusto', '015', '95479751', 17103.00),
(24, 'Augusto Carlos', '017', '981448659', 619.00),
(25, 'Maria Teresa', '081', '997034395', 6786.00),
(26, 'Yuri Silva', '021', '940653987', 3419.00),
(27, 'Lucas Silva', '066', '981017722', 6830.00),
(28, 'Edson Lopes', '092', '996812672', 4823.00),
(29, 'André Santos', '021', '910106043', 18987.00),
(30, 'Célia Pereira', '015', '995851477', 6600.00),
(31, 'Felipe Lima', '091', '972478479', 16765.00),
(32, 'Clóvis Lopes', '071', '910266569', 4716.00),
(33, 'Ricardo Gomes', '021', '963261893', 18389.00),
(34, 'Ricardo Augusto', '023', '982777611', 11615.00),
(35, 'Elena Cristina', '082', '957842058', 10113.00),
(36, 'Mariana Lima', '071', '931207895', 12698.00),
(37, 'Larissa Souza', '032', '934388144', 13390.00),
(38, 'Walter Pereira', '093', '981866243', 19087.00),
(39, 'Walter Luiz', '019', '964982072', 17585.00),
(40, 'Carlos Lee', '018', '988834484', 7478.00),
(41, 'Marta Gomes', '066', '929916800', 1559.00),
(42, 'Marta Lima', '023', '941975196', 7131.00),
(43, 'Poliana Souza', '054', '930018131', 6694.00),
(44, 'Patrícia Silva', '053', '920833353', 10497.00),
(45, 'Pedro Silva', '049', '922847501', 1362.00),
(46, 'Plínio Cruz', '065', '925656828', 18668.00),
(47, 'Paulo Sérgio', '037', '962165357', 7645.00),
(48, 'Paulo Renato', '085', '919351201', 7785.00),
(49, 'Paulo Ricardo', '022', '915396562', 13349.00),
(50, 'Renato Augusto', '018', '998731673', 9015.00),
(51, 'Renato Lima', '099', '956575655', 1412.00),
(52, 'Roger Ferreira', '021', '999273422', 11577.00),
(53, 'Donizete Lima', '061', '973884852', 12656.00),
(54, 'Alison Ribeiro', '068', '953898642', 17554.00),
(55, 'Felipe Ribeiro', '027', '938701911', 16603.00),
(56, 'Marcelo Felipe', '028', '954226070', 19836.00),
(57, 'Juliana Silva', '017', '956956942', 18972.00),
(58, 'Júlio Augusto', '092', '948302410', 11820.00),
(59, 'Augusto César', '017', '939398634', 12625.00),
(60, 'Mário Giovane', '048', '915576835', 8657.00),
(61, 'Luciana Cristina', '069', '949885618', 6898.00),
(62, 'Pedro Henrique', '028', '976531056', 1755.00),
(63, 'Carlos Honorato', '075', '976885722', 8644.00),
(64, 'Daiane Cruz', '048', '960654639', 8516.00),
(65, 'Frederico Lima', '016', '957568629', 8876.00),
(66, 'Jorge Aragão', '045', '923926256', 16788.00),
(67, 'Raimundo Nonato', '011', '927805023', 6641.00),
(68, 'Raimunda Nonata', '074', '937943750', 5206.00),
(69, 'Kelly Cristina', '098', '951866479', 18551.00),
(70, 'Keila Patrícia', '061', '959822065', 5328.00),
(71, 'Nuno Maia', '035', '958647486', 7467.00),
(72, 'Leandro Lopes', '068', '911095016', 16727.00),
(73, 'Tiago Júnior', '096', '927086748', 8813.00),
(74, 'Bruno Mendonça', '043', '947727591', 5486.00),
(75, 'Lilian Pereira', '082', '961303675', 378.00),
(76, 'Rodrigo Marcelo', '075', '958942803', 5948.00),
(77, 'Vânia Cristina', '084', '994839195', 4204.00),
(78, 'Valdir Salles', '088', '948219787', 9831.00),
(79, 'Almir Santos', '027', '987354797', 3698.00),
(80, 'Iago Lima', '099', '957917896', 3088.00),
(81, 'Wesley Pereira', '095', '926731388', 7756.00),
(82, 'Lucas Ribeiro', '023', '971021070', 17335.00),
(83, 'Mariano Pereira', '055', '953186933', 15562.00),
(84, 'Breno Marcelo', '082', '939269381', 11302.00),
(85, 'Marcelo Fernandes', '022', '957663305', 14153.00),
(86, 'Edson Serpa', '083', '972583328', 19402.00),
(87, 'Reginaldo Serpa', '068', '920254711', 8250.00),
(88, 'Filomena de Jesus', '077', '955341330', 9770.00),
(89, 'Fernando Santos', '062', '939108468', 13259.00),
(90, 'Fábio Henrique', '012', '934704781', 1709.00),
(91, 'Cacilda Lima', '097', '943289795', 9573.00),
(92, 'Cassiano Ricardo', '094', '934149493', 16245.00),
(93, 'Renata Barbosa', '012', '958062327', 17332.00),
(94, 'Antônio Santos', '023', '950526760', 15200.00),
(95, 'Antônio Carlos', '035', '931928288', 11998.00),
(96, 'Antônio Ribeiro', '097', '956795392', 16179.00),
(97, 'Milena Cristina', '081', '940408956', 12003.00),
(98, 'Milton Neves', '041', '917249359', 7574.00),
(99, 'Renata Fan', '047', '973072401', 2597.00),
(100, 'Carlos Pacheco', '041', '986023605', 7153.00);
go

create table faturas (
	numero int primary key,
	cod_cliente int foreign key references clientes(codigo),
	data date,
	subtotal decimal(10,2),
	imposto decimal(10,2),
	total decimal(10,2)
);
go

insert into faturas (numero, cod_cliente, data, subtotal, imposto, total) values
(1, 1, CONVERT(date,'22/09/2016',103), 2652.21, 0.35, 3580.48),
(2, 35, CONVERT(date,'13/07/2016',103), 30126.20, 0.29, 38862.80),
(3, 47, CONVERT(date,'03/06/2016',103), 24817.21, 0.26, 31269.68),
(4, 71, CONVERT(date,'28/03/2016',103), 2912.80, 0.33, 3874.02),
(5, 9, CONVERT(date,'17/05/2016',103), 151.20, 0.31, 198.07),
(6, 55, CONVERT(date,'28/09/2016',103), 1165.50, 0.30, 1515.15),
(7, 43, CONVERT(date,'29/09/2016',103), 24925.28, 0.20, 29910.33),
(8, 84, CONVERT(date,'11/05/2016',103), 428.26, 0.28, 548.18),
(9, 58, CONVERT(date,'07/04/2016',103), 0.00, 0.32, 0.00),
(10, 83, CONVERT(date,'21/04/2016',103), 0.00, 0.32, 0.00),
(11, 62, CONVERT(date,'02/04/2016',103), 9340.08, 0.11, 10367.49),
(12, 9, CONVERT(date,'17/03/2016',103), 36302.71, 0.12, 40659.03),
(13, 55, CONVERT(date,'06/07/2016',103), 141.58, 0.30, 184.05),
(14, 54, CONVERT(date,'25/08/2016',103), 370.00, 0.31, 484.70),
(15, 4, CONVERT(date,'21/01/2016',103), 1028.92, 0.46, 1502.22),
(16, 63, CONVERT(date,'30/08/2016',103), 414.33, 0.39, 575.91),
(17, 19, CONVERT(date,'15/02/2016',103), 60.48, 0.32, 79.83),
(18, 88, CONVERT(date,'01/07/2016',103), 15890.87, 0.04, 16526.50),
(19, 35, CONVERT(date,'02/02/2016',103), 571.69, 0.03, 588.84),
(20, 13, CONVERT(date,'31/03/2016',103), 10478.43, 0.37, 14355.45),
(21, 96, CONVERT(date,'29/05/2016',103), 4499.55, 0.40, 6299.37),
(22, 35, CONVERT(date,'03/04/2016',103), 183.11, 0.46, 267.33),
(23, 35, CONVERT(date,'30/06/2016',103), 172.60, 0.09, 188.14),
(24, 67, CONVERT(date,'27/09/2016',103), 2029.02, 0.08, 2191.34),
(25, 65, CONVERT(date,'19/08/2016',103), 581.85, 0.43, 832.04),
(26, 4, CONVERT(date,'08/06/2016',103), 254.11, 0.43, 363.37),
(27, 92, CONVERT(date,'14/03/2016',103), 0.00, 0.25, 0.00),
(28, 30, CONVERT(date,'01/02/2016',103), 573.00, 0.00, 573.00),
(29, 82, CONVERT(date,'11/04/2016',103), 0.00, 0.35, 0.00),
(30, 26, CONVERT(date,'27/03/2016',103), 0.00, 0.01, 0.00),
(31, 56, CONVERT(date,'26/01/2016',103), 29924.61, 0.20, 35909.53),
(32, 9, CONVERT(date,'25/05/2016',103), 479.88, 0.43, 686.23),
(33, 18, CONVERT(date,'21/06/2016',103), 564.00, 0.47, 829.08),
(34, 83, CONVERT(date,'31/07/2016',103), 0.00, 0.15, 0.00),
(35, 43, CONVERT(date,'13/07/2016',103), 569.23, 0.15, 654.62),
(36, 91, CONVERT(date,'19/07/2016',103), 1792.15, 0.30, 2329.80),
(37, 13, CONVERT(date,'15/02/2016',103), 1087.07, 0.33, 1445.81),
(38, 26, CONVERT(date,'13/04/2016',103), 752.00, 0.46, 1097.92),
(39, 18, CONVERT(date,'19/07/2016',103), 9224.16, 0.19, 10976.75),
(40, 97, CONVERT(date,'04/02/2016',103), 726.35, 0.25, 907.94),
(41, 67, CONVERT(date,'07/09/2016',103), 22.51, 0.14, 25.66),
(42, 53, CONVERT(date,'13/06/2016',103), 17285.35, 0.06, 18322.47),
(43, 98, CONVERT(date,'10/03/2016',103), 0.00, 0.36, 0.00),
(44, 80, CONVERT(date,'29/06/2016',103), 142.92, 0.35, 192.95),
(45, 83, CONVERT(date,'26/07/2016',103), 57.30, 0.09, 62.46),
(46, 88, CONVERT(date,'06/05/2016',103), 14737.91, 0.26, 18569.76),
(47, 90, CONVERT(date,'18/08/2016',103), 721.67, 0.19, 858.79),
(48, 90, CONVERT(date,'15/03/2016',103), 0.00, 0.37, 0.00),
(49, 43, CONVERT(date,'06/02/2016',103), 13900.25, 0.20, 16680.30),
(50, 36, CONVERT(date,'07/06/2016',103), 561.46, 0.48, 830.97),
(51, 48, CONVERT(date,'14/07/2016',103), 571.69, 0.19, 680.31),
(52, 15, CONVERT(date,'24/07/2016',103), 267.67, 0.49, 398.82),
(53, 68, CONVERT(date,'15/02/2016',103), 363.64, 0.01, 367.28),
(54, 66, CONVERT(date,'24/07/2016',103), 29536.64, 0.22, 36034.70),
(55, 99, CONVERT(date,'29/04/2016',103), 0.00, 0.37, 0.00),
(56, 51, CONVERT(date,'13/09/2016',103), 957.18, 0.07, 1024.18),
(57, 34, CONVERT(date,'11/01/2016',103), 0.00, 0.38, 0.00),
(58, 24, CONVERT(date,'03/04/2016',103), 605.88, 0.23, 745.23),
(59, 35, CONVERT(date,'05/01/2016',103), 6299.37, 0.16, 7307.27),
(60, 69, CONVERT(date,'04/03/2016',103), 10050.01, 0.41, 14170.52),
(61, 4, CONVERT(date,'17/04/2016',103), 1760.05, 0.14, 2006.46),
(62, 45, CONVERT(date,'21/05/2016',103), 0.00, 0.21, 0.00),
(63, 32, CONVERT(date,'02/03/2016',103), 60.48, 0.00, 60.48),
(64, 68, CONVERT(date,'05/10/2016',103), 932.40, 0.24, 1156.18),
(65, 75, CONVERT(date,'25/09/2016',103), 8965.32, 0.48, 13268.67),
(66, 50, CONVERT(date,'22/04/2016',103), 16862.55, 0.07, 18042.93),
(67, 12, CONVERT(date,'01/08/2016',103), 7640.90, 0.35, 10315.21),
(68, 98, CONVERT(date,'14/03/2016',103), 206.01, 0.46, 300.77),
(69, 20, CONVERT(date,'21/01/2016',103), 9348.75, 0.12, 10470.60),
(70, 89, CONVERT(date,'21/06/2016',103), 30424.71, 0.22, 37118.15),
(71, 93, CONVERT(date,'19/01/2016',103), 618.36, 0.42, 878.07),
(72, 71, CONVERT(date,'17/02/2016',103), 8957.76, 0.08, 9674.38),
(73, 50, CONVERT(date,'30/09/2016',103), 30384.24, 0.12, 34030.35),
(74, 16, CONVERT(date,'22/09/2016',103), 140.37, 0.46, 204.93),
(75, 45, CONVERT(date,'19/07/2016',103), 9189.82, 0.11, 10200.70),
(76, 31, CONVERT(date,'01/10/2016',103), 872.77, 0.34, 1169.51),
(77, 17, CONVERT(date,'01/08/2016',103), 859.07, 0.31, 1125.38),
(78, 70, CONVERT(date,'05/06/2016',103), 2374.69, 0.29, 3063.35),
(79, 79, CONVERT(date,'08/01/2016',103), 0.00, 0.23, 0.00),
(80, 83, CONVERT(date,'26/03/2016',103), 15267.80, 0.22, 18626.71),
(81, 54, CONVERT(date,'25/06/2016',103), 12663.70, 0.41, 17855.82),
(82, 83, CONVERT(date,'08/09/2016',103), 8897.28, 0.36, 12100.30),
(83, 37, CONVERT(date,'18/04/2016',103), 9624.98, 0.05, 10106.23),
(84, 53, CONVERT(date,'02/03/2016',103), 135.04, 0.17, 157.99),
(85, 69, CONVERT(date,'26/07/2016',103), 13741.75, 0.21, 16627.51),
(86, 89, CONVERT(date,'30/08/2016',103), 5456.76, 0.19, 6493.54),
(87, 24, CONVERT(date,'07/07/2016',103), 986.40, 0.24, 1223.13),
(88, 66, CONVERT(date,'21/01/2016',103), 136.08, 0.11, 151.05),
(89, 35, CONVERT(date,'16/04/2016',103), 699.69, 0.00, 699.69),
(90, 13, CONVERT(date,'22/07/2016',103), 666.00, 0.44, 959.04),
(91, 6, CONVERT(date,'23/09/2016',103), 10982.41, 0.36, 14936.08),
(92, 79, CONVERT(date,'21/05/2016',103), 355.71, 0.00, 355.71),
(93, 55, CONVERT(date,'11/04/2016',103), 7388.28, 0.04, 7683.81),
(94, 71, CONVERT(date,'13/08/2016',103), 1544.05, 0.17, 1806.54),
(95, 9, CONVERT(date,'10/02/2016',103), 710.15, 0.08, 766.96),
(96, 61, CONVERT(date,'11/03/2016',103), 5607.88, 0.01, 5663.96),
(97, 4, CONVERT(date,'09/08/2016',103), 15.12, 0.05, 15.88),
(98, 35, CONVERT(date,'11/01/2016',103), 592.00, 0.01, 597.92),
(99, 94, CONVERT(date,'10/10/2016',103), 0.00, 0.03, 0.00),
(100, 7, CONVERT(date,'07/07/2016',103), 17874.57, 0.39, 24845.65),
(101, 40, CONVERT(date,'20/05/2016',103), 882.66, 0.08, 953.27),
(102, 8, CONVERT(date,'04/04/2016',103), 676.75, 0.29, 873.01),
(103, 52, CONVERT(date,'05/04/2016',103), 52732.09, 0.29, 68024.40),
(104, 33, CONVERT(date,'26/01/2016',103), 8220.15, 0.24, 10192.99),
(105, 77, CONVERT(date,'30/03/2016',103), 15271.49, 0.24, 18936.65),
(106, 78, CONVERT(date,'12/02/2016',103), 0.00, 0.10, 0.00),
(107, 11, CONVERT(date,'15/04/2016',103), 467.90, 0.36, 636.34),
(108, 88, CONVERT(date,'01/04/2016',103), 2531.70, 0.09, 2759.55),
(109, 43, CONVERT(date,'23/06/2016',103), 45.36, 0.11, 50.35),
(110, 96, CONVERT(date,'17/02/2016',103), 0.00, 0.08, 0.00),
(111, 19, CONVERT(date,'04/02/2016',103), 105.84, 0.00, 105.84),
(112, 55, CONVERT(date,'20/08/2016',103), 752.00, 0.47, 1105.44),
(113, 88, CONVERT(date,'19/09/2016',103), 102.06, 0.12, 114.31),
(114, 64, CONVERT(date,'18/01/2016',103), 321.20, 0.23, 395.07),
(115, 98, CONVERT(date,'20/04/2016',103), 15143.66, 0.05, 15900.85),
(116, 54, CONVERT(date,'04/02/2016',103), 2445.37, 0.49, 3643.60),
(117, 48, CONVERT(date,'14/09/2016',103), 9584.98, 0.36, 13035.58),
(118, 54, CONVERT(date,'29/03/2016',103), 1015.93, 0.49, 1513.74),
(119, 22, CONVERT(date,'17/05/2016',103), 321.20, 0.45, 465.74),
(120, 14, CONVERT(date,'27/06/2016',103), 229.20, 0.36, 311.71),
(121, 99, CONVERT(date,'22/02/2016',103), 1179.16, 0.29, 1521.12),
(122, 90, CONVERT(date,'06/05/2016',103), 767.90, 0.10, 844.69),
(123, 57, CONVERT(date,'31/07/2016',103), 1282.05, 0.33, 1705.13),
(124, 5, CONVERT(date,'29/01/2016',103), 7486.03, 0.48, 11079.32),
(125, 63, CONVERT(date,'10/09/2016',103), 0.00, 0.11, 0.00),
(126, 63, CONVERT(date,'28/04/2016',103), 515.70, 0.13, 582.74),
(127, 92, CONVERT(date,'09/02/2016',103), 5328.52, 0.07, 5701.51),
(128, 10, CONVERT(date,'30/08/2016',103), 702.97, 0.38, 970.10),
(129, 83, CONVERT(date,'22/02/2016',103), 259.74, 0.07, 277.93),
(130, 23, CONVERT(date,'19/02/2016',103), 27192.91, 0.36, 36982.36),
(131, 19, CONVERT(date,'19/06/2016',103), 208.50, 0.39, 289.82),
(132, 21, CONVERT(date,'02/07/2016',103), 26888.82, 0.26, 33879.91),
(133, 29, CONVERT(date,'23/02/2016',103), 8390.13, 0.02, 8557.93),
(134, 34, CONVERT(date,'15/09/2016',103), 1228.52, 0.30, 1597.07),
(135, 46, CONVERT(date,'15/03/2016',103), 546.06, 0.12, 611.59),
(136, 74, CONVERT(date,'23/05/2016',103), 1526.30, 0.35, 2060.50),
(137, 51, CONVERT(date,'02/05/2016',103), 34.02, 0.16, 39.46),
(138, 87, CONVERT(date,'20/06/2016',103), 5213.01, 0.15, 5994.96),
(139, 100, CONVERT(date,'24/04/2016',103), 24147.83, 0.08, 26079.65),
(140, 77, CONVERT(date,'18/06/2016',103), 0.00, 0.19, 0.00),
(141, 5, CONVERT(date,'24/03/2016',103), 303.57, 0.03, 312.68),
(142, 5, CONVERT(date,'03/03/2016',103), 0.00, 0.07, 0.00),
(143, 86, CONVERT(date,'07/05/2016',103), 4119.37, 0.19, 4902.05),
(144, 50, CONVERT(date,'11/03/2016',103), 1861.51, 0.11, 2066.28),
(145, 78, CONVERT(date,'17/02/2016',103), 5709.95, 0.00, 5709.95),
(146, 24, CONVERT(date,'20/03/2016',103), 949.80, 0.34, 1272.74),
(147, 82, CONVERT(date,'06/01/2016',103), 575.22, 0.12, 644.25),
(148, 61, CONVERT(date,'31/01/2016',103), 540.51, 0.18, 637.80),
(149, 49, CONVERT(date,'12/02/2016',103), 29430.80, 0.11, 32668.19),
(150, 22, CONVERT(date,'21/04/2016',103), 8375.01, 0.13, 9463.76),
(151, 99, CONVERT(date,'28/05/2016',103), 6172.01, 0.43, 8825.97),
(152, 94, CONVERT(date,'02/02/2016',103), 15120.38, 0.13, 17086.03),
(153, 16, CONVERT(date,'22/02/2016',103), 0.00, 0.27, 0.00),
(154, 47, CONVERT(date,'16/07/2016',103), 13400.02, 0.08, 14472.02),
(155, 62, CONVERT(date,'03/01/2016',103), 296.00, 0.00, 296.00),
(156, 17, CONVERT(date,'05/01/2016',103), 16750.02, 0.05, 17587.52),
(157, 10, CONVERT(date,'21/07/2016',103), 0.00, 0.00, 0.00),
(158, 53, CONVERT(date,'21/08/2016',103), 5598.01, 0.43, 8005.15),
(159, 45, CONVERT(date,'03/02/2016',103), 522.30, 0.05, 548.42),
(160, 93, CONVERT(date,'01/03/2016',103), 3715.68, 0.11, 4124.40),
(161, 9, CONVERT(date,'26/03/2016',103), 1344.00, 0.36, 1827.84),
(162, 29, CONVERT(date,'02/09/2016',103), 4194.36, 0.06, 4446.02),
(163, 27, CONVERT(date,'07/05/2016',103), 68.04, 0.30, 88.45),
(164, 81, CONVERT(date,'24/03/2016',103), 142.92, 0.24, 177.22),
(165, 52, CONVERT(date,'28/02/2016',103), 5537.05, 0.49, 8250.20),
(166, 48, CONVERT(date,'16/05/2016',103), 0.00, 0.08, 0.00),
(167, 50, CONVERT(date,'20/03/2016',103), 1789.15, 0.49, 2665.84),
(168, 9, CONVERT(date,'28/07/2016',103), 579.04, 0.15, 665.89),
(169, 59, CONVERT(date,'10/03/2016',103), 202.55, 0.21, 245.09),
(170, 87, CONVERT(date,'13/01/2016',103), 296.00, 0.26, 372.96),
(171, 75, CONVERT(date,'23/08/2016',103), 0.00, 0.17, 0.00),
(172, 77, CONVERT(date,'22/06/2016',103), 0.00, 0.30, 0.00),
(173, 99, CONVERT(date,'02/10/2016',103), 8829.24, 0.24, 10948.26),
(174, 33, CONVERT(date,'17/09/2016',103), 12776.13, 0.38, 17631.06),
(175, 42, CONVERT(date,'01/05/2016',103), 1760.05, 0.22, 2147.26),
(176, 94, CONVERT(date,'05/07/2016',103), 24012.04, 0.36, 32656.38),
(177, 1, CONVERT(date,'18/03/2016',103), 846.00, 0.28, 1082.88),
(178, 62, CONVERT(date,'18/07/2016',103), 34545.83, 0.04, 35927.66),
(179, 71, CONVERT(date,'08/10/2016',103), 515.70, 0.01, 520.86),
(180, 79, CONVERT(date,'07/04/2016',103), 738.68, 0.31, 967.67),
(181, 24, CONVERT(date,'27/02/2016',103), 673.71, 0.17, 788.24),
(182, 10, CONVERT(date,'30/04/2016',103), 491.28, 0.29, 633.75),
(183, 8, CONVERT(date,'09/06/2016',103), 3885.33, 0.00, 3885.33),
(184, 48, CONVERT(date,'14/05/2016',103), 0.00, 0.07, 0.00),
(185, 82, CONVERT(date,'20/09/2016',103), 214.07, 0.29, 276.15),
(186, 94, CONVERT(date,'26/06/2016',103), 0.00, 0.03, 0.00),
(187, 26, CONVERT(date,'22/03/2016',103), 51.03, 0.47, 75.01),
(188, 64, CONVERT(date,'03/07/2016',103), 35010.31, 0.43, 50064.74),
(189, 100, CONVERT(date,'04/04/2016',103), 1566.95, 0.27, 1990.03),
(190, 93, CONVERT(date,'12/07/2016',103), 4522.05, 0.27, 5743.00),
(191, 40, CONVERT(date,'18/03/2016',103), 3259.91, 0.01, 3292.51),
(192, 100, CONVERT(date,'28/08/2016',103), 214.13, 0.42, 304.07),
(193, 52, CONVERT(date,'27/07/2016',103), 2406.11, 0.32, 3176.06),
(194, 52, CONVERT(date,'27/02/2016',103), 1596.59, 0.19, 1899.94),
(195, 34, CONVERT(date,'02/08/2016',103), 5828.23, 0.16, 6760.75),
(196, 19, CONVERT(date,'17/03/2016',103), 160.60, 0.46, 234.47),
(197, 59, CONVERT(date,'23/09/2016',103), 740.00, 0.39, 1028.60),
(198, 14, CONVERT(date,'13/06/2016',103), 8375.01, 0.43, 11976.26),
(199, 7, CONVERT(date,'22/02/2016',103), 28724.89, 0.24, 35618.87),
(200, 22, CONVERT(date,'24/03/2016',103), 136.08, 0.00, 136.08),
(201, 20, CONVERT(date,'29/07/2016',103), 30371.18, 0.42, 43127.07),
(202, 70, CONVERT(date,'10/09/2016',103), 1075.53, 0.06, 1140.06),
(203, 69, CONVERT(date,'06/04/2016',103), 1469.16, 0.47, 2159.66),
(204, 67, CONVERT(date,'13/04/2016',103), 1301.63, 0.20, 1561.96),
(205, 81, CONVERT(date,'18/01/2016',103), 2919.87, 0.00, 2919.87),
(206, 59, CONVERT(date,'05/01/2016',103), 973.91, 0.37, 1334.26),
(207, 82, CONVERT(date,'27/07/2016',103), 8829.24, 0.27, 11213.13),
(208, 47, CONVERT(date,'23/03/2016',103), 1006.38, 0.02, 1026.50),
(209, 29, CONVERT(date,'21/05/2016',103), 10050.01, 0.47, 14773.52),
(210, 89, CONVERT(date,'12/07/2016',103), 30573.38, 0.21, 36993.79),
(211, 96, CONVERT(date,'30/07/2016',103), 1051.12, 0.10, 1156.23),
(212, 26, CONVERT(date,'13/03/2016',103), 5548.50, 0.05, 5825.93),
(213, 70, CONVERT(date,'16/05/2016',103), 336.32, 0.14, 383.40),
(214, 40, CONVERT(date,'28/03/2016',103), 0.00, 0.06, 0.00),
(215, 97, CONVERT(date,'20/03/2016',103), 515.70, 0.12, 577.58),
(216, 15, CONVERT(date,'03/09/2016',103), 1799.82, 0.00, 1799.82),
(217, 50, CONVERT(date,'31/08/2016',103), 899.91, 0.38, 1241.88),
(218, 13, CONVERT(date,'22/04/2016',103), 280.73, 0.44, 404.25),
(219, 32, CONVERT(date,'04/10/2016',103), 458.40, 0.34, 614.26),
(220, 20, CONVERT(date,'01/10/2016',103), 105.84, 0.48, 156.64),
(221, 13, CONVERT(date,'24/02/2016',103), 5453.74, 0.31, 7144.40),
(222, 5, CONVERT(date,'08/04/2016',103), 0.00, 0.00, 0.00),
(223, 6, CONVERT(date,'01/07/2016',103), 233.10, 0.48, 344.99),
(224, 73, CONVERT(date,'20/01/2016',103), 0.00, 0.44, 0.00),
(225, 100, CONVERT(date,'28/03/2016',103), 1369.91, 0.21, 1657.59),
(226, 23, CONVERT(date,'11/02/2016',103), 0.00, 0.14, 0.00),
(227, 1, CONVERT(date,'01/06/2016',103), 9286.90, 0.29, 11980.11),
(228, 5, CONVERT(date,'14/03/2016',103), 624.05, 0.09, 680.21),
(229, 96, CONVERT(date,'12/02/2016',103), 153.09, 0.11, 169.93),
(230, 30, CONVERT(date,'11/08/2016',103), 401.10, 0.27, 509.40),
(231, 81, CONVERT(date,'20/05/2016',103), 2791.05, 0.01, 2818.96),
(232, 19, CONVERT(date,'10/04/2016',103), 880.37, 0.08, 950.80),
(233, 36, CONVERT(date,'06/08/2016',103), 500.23, 0.11, 555.26),
(234, 19, CONVERT(date,'19/08/2016',103), 2411.17, 0.29, 3110.41),
(235, 9, CONVERT(date,'29/04/2016',103), 15149.02, 0.34, 20299.68),
(236, 79, CONVERT(date,'16/06/2016',103), 1106.31, 0.00, 1106.31),
(237, 63, CONVERT(date,'10/07/2016',103), 285.85, 0.06, 303.00),
(238, 60, CONVERT(date,'17/03/2016',103), 0.00, 0.47, 0.00),
(239, 83, CONVERT(date,'20/06/2016',103), 285.85, 0.02, 291.56),
(240, 53, CONVERT(date,'18/09/2016',103), 13066.24, 0.03, 13458.23),
(241, 81, CONVERT(date,'29/06/2016',103), 798.26, 0.14, 910.02),
(242, 71, CONVERT(date,'09/10/2016',103), 1220.00, 0.28, 1561.60),
(243, 96, CONVERT(date,'20/08/2016',103), 1131.00, 0.06, 1198.86),
(244, 86, CONVERT(date,'12/04/2016',103), 701.83, 0.12, 786.05),
(245, 32, CONVERT(date,'19/01/2016',103), 2982.75, 0.47, 4384.64),
(246, 98, CONVERT(date,'10/01/2016',103), 665.30, 0.40, 931.42),
(247, 59, CONVERT(date,'15/01/2016',103), 718.83, 0.41, 1013.55),
(248, 79, CONVERT(date,'18/04/2016',103), 14715.40, 0.46, 21484.48),
(249, 84, CONVERT(date,'18/07/2016',103), 869.38, 0.47, 1277.99),
(250, 5, CONVERT(date,'23/06/2016',103), 267.67, 0.09, 291.75),
(251, 70, CONVERT(date,'26/02/2016',103), 17342.02, 0.30, 22544.63),
(252, 36, CONVERT(date,'12/05/2016',103), 535.33, 0.48, 792.29),
(253, 61, CONVERT(date,'03/07/2016',103), 33912.06, 0.39, 47137.76),
(254, 31, CONVERT(date,'05/09/2016',103), 554.50, 0.35, 748.58),
(255, 80, CONVERT(date,'29/06/2016',103), 5886.16, 0.44, 8476.07),
(256, 66, CONVERT(date,'09/07/2016',103), 1877.54, 0.00, 1877.54),
(257, 14, CONVERT(date,'23/05/2016',103), 1010.21, 0.18, 1192.05),
(258, 58, CONVERT(date,'18/07/2016',103), 421.03, 0.29, 543.13),
(259, 24, CONVERT(date,'06/04/2016',103), 15.12, 0.34, 20.26),
(260, 34, CONVERT(date,'05/06/2016',103), 0.00, 0.12, 0.00),
(261, 24, CONVERT(date,'08/06/2016',103), 21092.84, 0.33, 28053.48),
(262, 75, CONVERT(date,'11/08/2016',103), 8859.18, 0.07, 9479.32),
(263, 8, CONVERT(date,'02/03/2016',103), 3010.60, 0.27, 3823.46),
(264, 74, CONVERT(date,'12/09/2016',103), 722.37, 0.05, 758.48),
(265, 41, CONVERT(date,'20/08/2016',103), 8903.24, 0.10, 9793.56),
(266, 65, CONVERT(date,'05/06/2016',103), 214.38, 0.02, 218.67),
(267, 19, CONVERT(date,'31/05/2016',103), 2112.85, 0.05, 2218.49),
(268, 25, CONVERT(date,'06/01/2016',103), 34.02, 0.23, 41.84),
(269, 23, CONVERT(date,'12/01/2016',103), 256.02, 0.38, 353.31),
(270, 57, CONVERT(date,'15/08/2016',103), 950.55, 0.42, 1349.78),
(271, 86, CONVERT(date,'20/06/2016',103), 0.00, 0.01, 0.00),
(272, 86, CONVERT(date,'17/02/2016',103), 0.00, 0.37, 0.00),
(273, 70, CONVERT(date,'24/07/2016',103), 658.00, 0.45, 954.10),
(274, 82, CONVERT(date,'30/03/2016',103), 1255.70, 0.29, 1619.85),
(275, 42, CONVERT(date,'09/10/2016',103), 187.11, 0.19, 222.66),
(276, 66, CONVERT(date,'09/05/2016',103), 1681.20, 0.14, 1916.57),
(277, 56, CONVERT(date,'02/05/2016',103), 20601.56, 0.32, 27194.06),
(278, 71, CONVERT(date,'12/06/2016',103), 1050.27, 0.49, 1564.91),
(279, 21, CONVERT(date,'09/03/2016',103), 35901.64, 0.17, 42004.92),
(280, 17, CONVERT(date,'20/06/2016',103), 506.40, 0.05, 531.72),
(281, 3, CONVERT(date,'09/08/2016',103), 6571.28, 0.30, 8542.66),
(282, 27, CONVERT(date,'21/05/2016',103), 150.16, 0.15, 172.68),
(283, 47, CONVERT(date,'21/02/2016',103), 26640.13, 0.01, 26906.53),
(284, 65, CONVERT(date,'25/01/2016',103), 1647.30, 0.27, 2092.07),
(285, 37, CONVERT(date,'18/03/2016',103), 120.96, 0.05, 127.01),
(286, 58, CONVERT(date,'09/08/2016',103), 2228.59, 0.46, 3253.74),
(287, 12, CONVERT(date,'13/05/2016',103), 827.31, 0.47, 1216.14),
(288, 90, CONVERT(date,'09/06/2016',103), 2656.69, 0.33, 3533.40),
(289, 73, CONVERT(date,'08/09/2016',103), 2789.75, 0.44, 4017.25),
(290, 94, CONVERT(date,'14/05/2016',103), 1683.50, 0.29, 2171.72),
(291, 69, CONVERT(date,'09/10/2016',103), 16029.28, 0.18, 18914.55),
(292, 79, CONVERT(date,'26/06/2016',103), 1647.02, 0.03, 1696.43),
(293, 100, CONVERT(date,'23/07/2016',103), 5399.46, 0.36, 7343.27),
(294, 49, CONVERT(date,'19/06/2016',103), 0.00, 0.07, 0.00),
(295, 79, CONVERT(date,'22/06/2016',103), 248.76, 0.35, 335.83),
(296, 55, CONVERT(date,'24/02/2016',103), 0.00, 0.34, 0.00),
(297, 51, CONVERT(date,'07/10/2016',103), 14524.49, 0.00, 14524.49),
(298, 75, CONVERT(date,'01/09/2016',103), 136.08, 0.09, 148.33),
(299, 55, CONVERT(date,'09/02/2016',103), 136.08, 0.12, 152.41),
(300, 43, CONVERT(date,'31/07/2016',103), 0.00, 0.18, 0.00),
(301, 12, CONVERT(date,'16/04/2016',103), 0.00, 0.26, 0.00),
(302, 32, CONVERT(date,'13/08/2016',103), 29931.03, 0.38, 41304.82),
(303, 80, CONVERT(date,'27/02/2016',103), 30.24, 0.09, 32.96),
(304, 73, CONVERT(date,'20/08/2016',103), 500.23, 0.29, 645.30),
(305, 65, CONVERT(date,'13/07/2016',103), 10264.40, 0.46, 14986.02),
(306, 82, CONVERT(date,'20/05/2016',103), 0.00, 0.48, 0.00),
(307, 71, CONVERT(date,'02/07/2016',103), 370.00, 0.44, 532.80),
(308, 39, CONVERT(date,'14/03/2016',103), 30202.81, 0.41, 42585.96),
(309, 22, CONVERT(date,'25/04/2016',103), 263.73, 0.08, 284.83),
(310, 26, CONVERT(date,'02/05/2016',103), 17.01, 0.37, 23.30),
(311, 74, CONVERT(date,'01/02/2016',103), 136.08, 0.06, 144.24),
(312, 61, CONVERT(date,'13/08/2016',103), 1345.24, 0.11, 1493.22),
(313, 72, CONVERT(date,'17/06/2016',103), 18333.66, 0.36, 24933.77),
(314, 43, CONVERT(date,'13/01/2016',103), 90.02, 0.03, 92.72),
(315, 38, CONVERT(date,'02/09/2016',103), 1200.15, 0.44, 1728.22),
(316, 90, CONVERT(date,'03/10/2016',103), 0.00, 0.22, 0.00),
(317, 26, CONVERT(date,'12/02/2016',103), 7043.64, 0.17, 8241.06),
(318, 85, CONVERT(date,'26/08/2016',103), 571.69, 0.17, 668.88),
(319, 33, CONVERT(date,'13/06/2016',103), 0.00, 0.06, 0.00),
(320, 37, CONVERT(date,'03/05/2016',103), 863.24, 0.33, 1148.10),
(321, 73, CONVERT(date,'06/01/2016',103), 918.16, 0.15, 1055.88),
(322, 84, CONVERT(date,'26/07/2016',103), 280.73, 0.00, 280.73),
(323, 22, CONVERT(date,'15/02/2016',103), 730.08, 0.41, 1029.42),
(324, 35, CONVERT(date,'18/09/2016',103), 288.13, 0.01, 291.01),
(325, 39, CONVERT(date,'16/05/2016',103), 6870.11, 0.48, 10167.76),
(326, 75, CONVERT(date,'28/07/2016',103), 17.01, 0.06, 18.03),
(327, 48, CONVERT(date,'26/09/2016',103), 1753.33, 0.44, 2524.80),
(328, 85, CONVERT(date,'03/04/2016',103), 0.00, 0.44, 0.00),
(329, 88, CONVERT(date,'13/06/2016',103), 0.00, 0.24, 0.00),
(330, 58, CONVERT(date,'15/03/2016',103), 0.00, 0.03, 0.00),
(331, 48, CONVERT(date,'02/08/2016',103), 564.00, 0.44, 812.16),
(332, 44, CONVERT(date,'03/08/2016',103), 15215.38, 0.36, 20692.92),
(333, 100, CONVERT(date,'06/10/2016',103), 554.19, 0.17, 648.40),
(334, 1, CONVERT(date,'27/07/2016',103), 222.00, 0.23, 273.06),
(335, 87, CONVERT(date,'09/04/2016',103), 13729.88, 0.44, 19771.02),
(336, 67, CONVERT(date,'23/08/2016',103), 58348.25, 0.28, 74685.76),
(337, 3, CONVERT(date,'17/02/2016',103), 140.37, 0.20, 168.44),
(338, 100, CONVERT(date,'24/04/2016',103), 23544.64, 0.07, 25192.76),
(339, 22, CONVERT(date,'15/09/2016',103), 1815.37, 0.39, 2523.36),
(340, 75, CONVERT(date,'05/03/2016',103), 11582.51, 0.16, 13435.71),
(341, 37, CONVERT(date,'23/01/2016',103), 171.90, 0.20, 206.28),
(342, 13, CONVERT(date,'26/02/2016',103), 740.00, 0.01, 747.40),
(343, 30, CONVERT(date,'19/06/2016',103), 6694.43, 0.34, 8970.54),
(344, 58, CONVERT(date,'31/03/2016',103), 112.53, 0.36, 153.04),
(345, 25, CONVERT(date,'30/09/2016',103), 0.00, 0.37, 0.00),
(346, 81, CONVERT(date,'22/07/2016',103), 296.01, 0.18, 349.30),
(347, 83, CONVERT(date,'04/10/2016',103), 16666.12, 0.13, 18832.71),
(348, 26, CONVERT(date,'12/01/2016',103), 656.60, 0.29, 847.02),
(349, 43, CONVERT(date,'13/09/2016',103), 521.01, 0.38, 719.00),
(350, 96, CONVERT(date,'13/01/2016',103), 0.00, 0.25, 0.00),
(351, 63, CONVERT(date,'08/04/2016',103), 616.78, 0.40, 863.49),
(352, 37, CONVERT(date,'11/04/2016',103), 3168.14, 0.07, 3389.91),
(353, 48, CONVERT(date,'01/03/2016',103), 500.23, 0.02, 510.24),
(354, 5, CONVERT(date,'21/02/2016',103), 9342.90, 0.42, 13266.92),
(355, 83, CONVERT(date,'22/02/2016',103), 30149.28, 0.41, 42510.48),
(356, 18, CONVERT(date,'11/07/2016',103), 18598.48, 0.07, 19900.37),
(357, 32, CONVERT(date,'09/05/2016',103), 5886.16, 0.24, 7298.84),
(358, 46, CONVERT(date,'04/08/2016',103), 31925.83, 0.45, 46292.45),
(359, 59, CONVERT(date,'14/06/2016',103), 5516.01, 0.04, 5736.65),
(360, 70, CONVERT(date,'29/01/2016',103), 0.00, 0.41, 0.00),
(361, 87, CONVERT(date,'26/09/2016',103), 2936.82, 0.10, 3230.50),
(362, 95, CONVERT(date,'01/06/2016',103), 26487.72, 0.29, 34169.16),
(363, 73, CONVERT(date,'04/04/2016',103), 238.14, 0.42, 338.16),
(364, 34, CONVERT(date,'22/07/2016',103), 876.80, 0.01, 885.57),
(365, 95, CONVERT(date,'21/03/2016',103), 17709.51, 0.28, 22668.17),
(366, 85, CONVERT(date,'12/01/2016',103), 1147.35, 0.30, 1491.55),
(367, 75, CONVERT(date,'06/07/2016',103), 777.07, 0.43, 1111.21),
(368, 61, CONVERT(date,'08/04/2016',103), 0.00, 0.47, 0.00),
(369, 24, CONVERT(date,'28/07/2016',103), 374.73, 0.39, 520.88),
(370, 50, CONVERT(date,'24/04/2016',103), 0.00, 0.35, 0.00),
(371, 65, CONVERT(date,'22/03/2016',103), 605.72, 0.04, 629.95),
(372, 3, CONVERT(date,'11/07/2016',103), 6279.73, 0.32, 8289.24),
(373, 70, CONVERT(date,'07/01/2016',103), 1531.85, 0.32, 2022.05),
(374, 70, CONVERT(date,'23/07/2016',103), 1334.80, 0.26, 1681.84),
(375, 36, CONVERT(date,'12/09/2016',103), 357.31, 0.18, 421.62),
(376, 26, CONVERT(date,'25/02/2016',103), 229.20, 0.27, 291.08),
(377, 76, CONVERT(date,'06/10/2016',103), 559.86, 0.13, 632.64),
(378, 71, CONVERT(date,'26/01/2016',103), 6314.49, 0.27, 8019.40),
(379, 67, CONVERT(date,'09/07/2016',103), 1438.43, 0.34, 1927.50),
(380, 81, CONVERT(date,'25/03/2016',103), 3418.04, 0.14, 3896.57),
(381, 88, CONVERT(date,'17/06/2016',103), 29506.40, 0.30, 38358.32),
(382, 96, CONVERT(date,'02/01/2016',103), 0.00, 0.30, 0.00),
(383, 99, CONVERT(date,'11/01/2016',103), 0.00, 0.12, 0.00),
(384, 69, CONVERT(date,'12/06/2016',103), 418.11, 0.46, 610.44),
(385, 94, CONVERT(date,'17/01/2016',103), 60.13, 0.40, 84.18),
(386, 2, CONVERT(date,'08/08/2016',103), 0.00, 0.44, 0.00),
(387, 32, CONVERT(date,'27/01/2016',103), 1170.22, 0.37, 1603.20),
(388, 98, CONVERT(date,'03/03/2016',103), 1056.53, 0.12, 1183.32),
(389, 64, CONVERT(date,'23/02/2016',103), 151.20, 0.26, 190.51),
(390, 99, CONVERT(date,'22/07/2016',103), 0.00, 0.47, 0.00),
(391, 2, CONVERT(date,'02/02/2016',103), 280.73, 0.29, 362.14),
(392, 13, CONVERT(date,'15/03/2016',103), 0.00, 0.48, 0.00),
(393, 17, CONVERT(date,'11/06/2016',103), 0.00, 0.13, 0.00),
(394, 65, CONVERT(date,'02/04/2016',103), 619.12, 0.49, 922.49),
(395, 57, CONVERT(date,'09/02/2016',103), 0.00, 0.42, 0.00),
(396, 89, CONVERT(date,'20/06/2016',103), 18385.79, 0.23, 22614.52),
(397, 30, CONVERT(date,'04/03/2016',103), 0.00, 0.02, 0.00),
(398, 82, CONVERT(date,'24/01/2016',103), 1644.83, 0.29, 2121.83),
(399, 98, CONVERT(date,'12/05/2016',103), 417.69, 0.02, 426.04),
(400, 65, CONVERT(date,'07/04/2016',103), 8829.24, 0.20, 10595.09),
(401, 29, CONVERT(date,'21/09/2016',103), 5399.46, 0.40, 7559.24),
(402, 89, CONVERT(date,'20/06/2016',103), 8313.80, 0.13, 9394.60),
(403, 92, CONVERT(date,'07/08/2016',103), 28044.19, 0.32, 37018.33),
(404, 41, CONVERT(date,'05/05/2016',103), 17658.48, 0.20, 21190.18),
(405, 27, CONVERT(date,'11/06/2016',103), 914.27, 0.28, 1170.27),
(406, 100, CONVERT(date,'07/08/2016',103), 12580.75, 0.24, 15600.13),
(407, 18, CONVERT(date,'31/07/2016',103), 775.10, 0.45, 1123.89),
(408, 76, CONVERT(date,'03/02/2016',103), 606.07, 0.25, 757.59),
(409, 42, CONVERT(date,'25/05/2016',103), 3886.14, 0.42, 5518.32),
(410, 46, CONVERT(date,'04/07/2016',103), 0.00, 0.42, 0.00),
(411, 79, CONVERT(date,'12/09/2016',103), 17375.11, 0.32, 22935.15),
(412, 51, CONVERT(date,'30/01/2016',103), 0.00, 0.43, 0.00),
(413, 20, CONVERT(date,'23/05/2016',103), 606.40, 0.45, 879.28),
(414, 63, CONVERT(date,'16/04/2016',103), 0.00, 0.15, 0.00),
(415, 56, CONVERT(date,'18/03/2016',103), 723.30, 0.25, 904.13),
(416, 95, CONVERT(date,'25/03/2016',103), 180.05, 0.04, 187.25),
(417, 40, CONVERT(date,'18/08/2016',103), 1799.82, 0.21, 2177.78),
(418, 30, CONVERT(date,'10/06/2016',103), 50461.13, 0.10, 55507.24),
(419, 23, CONVERT(date,'14/04/2016',103), 757.75, 0.29, 977.50),
(420, 96, CONVERT(date,'04/08/2016',103), 934.92, 0.06, 991.02),
(421, 77, CONVERT(date,'15/09/2016',103), 6043.37, 0.36, 8218.98),
(422, 35, CONVERT(date,'26/01/2016',103), 8745.96, 0.21, 10582.61),
(423, 13, CONVERT(date,'28/04/2016',103), 17764.32, 0.14, 20251.32),
(424, 53, CONVERT(date,'29/04/2016',103), 5514.06, 0.10, 6065.47),
(425, 38, CONVERT(date,'25/06/2016',103), 1189.80, 0.23, 1463.45),
(426, 92, CONVERT(date,'18/02/2016',103), 8809.97, 0.25, 11012.46),
(427, 36, CONVERT(date,'21/04/2016',103), 0.00, 0.40, 0.00),
(428, 60, CONVERT(date,'05/02/2016',103), 657.77, 0.03, 677.51),
(429, 24, CONVERT(date,'09/07/2016',103), 16750.02, 0.22, 20435.02),
(430, 32, CONVERT(date,'24/08/2016',103), 473.52, 0.34, 634.52),
(431, 13, CONVERT(date,'26/09/2016',103), 595.51, 0.30, 774.16),
(432, 67, CONVERT(date,'24/05/2016',103), 15024.14, 0.40, 21033.80),
(433, 61, CONVERT(date,'18/04/2016',103), 1379.88, 0.06, 1462.68),
(434, 43, CONVERT(date,'01/03/2016',103), 740.00, 0.18, 873.20),
(435, 35, CONVERT(date,'07/02/2016',103), 1761.01, 0.11, 1954.72),
(436, 92, CONVERT(date,'06/05/2016',103), 0.00, 0.49, 0.00),
(437, 51, CONVERT(date,'05/06/2016',103), 627.51, 0.49, 934.99),
(438, 71, CONVERT(date,'16/07/2016',103), 954.89, 0.30, 1241.36),
(439, 41, CONVERT(date,'06/06/2016',103), 30641.66, 0.46, 44736.82),
(440, 79, CONVERT(date,'01/08/2016',103), 0.00, 0.41, 0.00),
(441, 15, CONVERT(date,'09/06/2016',103), 7570.56, 0.15, 8706.14),
(442, 4, CONVERT(date,'12/06/2016',103), 428.26, 0.36, 582.44),
(443, 60, CONVERT(date,'03/09/2016',103), 14775.88, 0.13, 16696.74),
(444, 57, CONVERT(date,'07/08/2016',103), 135.38, 0.10, 148.92),
(445, 11, CONVERT(date,'24/06/2016',103), 74.00, 0.30, 96.20),
(446, 49, CONVERT(date,'10/05/2016',103), 24849.21, 0.38, 34291.91),
(447, 89, CONVERT(date,'27/03/2016',103), 9899.01, 0.32, 13066.69),
(448, 52, CONVERT(date,'12/02/2016',103), 11725.01, 0.30, 15242.52),
(449, 88, CONVERT(date,'27/08/2016',103), 424.55, 0.03, 437.29),
(450, 56, CONVERT(date,'20/02/2016',103), 880.98, 0.14, 1004.32),
(451, 2, CONVERT(date,'10/05/2016',103), 0.00, 0.35, 0.00),
(452, 56, CONVERT(date,'24/04/2016',103), 0.00, 0.03, 0.00),
(453, 77, CONVERT(date,'14/01/2016',103), 116.55, 0.38, 160.84),
(454, 52, CONVERT(date,'07/05/2016',103), 3555.22, 0.42, 5048.42),
(455, 98, CONVERT(date,'29/05/2016',103), 7962.08, 0.04, 8280.56),
(456, 99, CONVERT(date,'06/05/2016',103), 14126.94, 0.21, 17093.59),
(457, 64, CONVERT(date,'04/06/2016',103), 725.71, 0.35, 979.71),
(458, 56, CONVERT(date,'29/02/2016',103), 7060.91, 0.21, 8543.70),
(459, 75, CONVERT(date,'28/06/2016',103), 488.53, 0.12, 547.15),
(460, 46, CONVERT(date,'03/03/2016',103), 285.85, 0.35, 385.89),
(461, 68, CONVERT(date,'18/06/2016',103), 8929.31, 0.03, 9197.19),
(462, 15, CONVERT(date,'01/10/2016',103), 550.40, 0.20, 660.48),
(463, 81, CONVERT(date,'01/02/2016',103), 71.46, 0.39, 99.33),
(464, 11, CONVERT(date,'10/02/2016',103), 2273.68, 0.20, 2728.41),
(465, 52, CONVERT(date,'13/03/2016',103), 1174.45, 0.07, 1256.67),
(466, 46, CONVERT(date,'29/08/2016',103), 846.00, 0.30, 1099.80),
(467, 67, CONVERT(date,'28/02/2016',103), 932.40, 0.46, 1361.30),
(468, 89, CONVERT(date,'09/06/2016',103), 225.06, 0.46, 328.59),
(469, 64, CONVERT(date,'10/04/2016',103), 512.04, 0.34, 686.13),
(470, 1, CONVERT(date,'29/05/2016',103), 196.56, 0.00, 196.56),
(471, 68, CONVERT(date,'03/02/2016',103), 244.98, 0.08, 264.58),
(472, 86, CONVERT(date,'10/01/2016',103), 486.15, 0.12, 544.49),
(473, 64, CONVERT(date,'04/01/2016',103), 0.00, 0.09, 0.00),
(474, 52, CONVERT(date,'16/04/2016',103), 899.91, 0.22, 1097.89),
(475, 7, CONVERT(date,'07/07/2016',103), 0.00, 0.01, 0.00),
(476, 98, CONVERT(date,'25/02/2016',103), 26563.32, 0.00, 26563.32),
(477, 75, CONVERT(date,'15/05/2016',103), 0.00, 0.27, 0.00),
(478, 57, CONVERT(date,'19/09/2016',103), 910.10, 0.02, 928.30),
(479, 30, CONVERT(date,'25/02/2016',103), 11428.91, 0.39, 15886.19),
(480, 39, CONVERT(date,'17/02/2016',103), 0.00, 0.04, 0.00),
(481, 84, CONVERT(date,'10/06/2016',103), 6656.68, 0.33, 8853.38),
(482, 58, CONVERT(date,'17/09/2016',103), 1190.58, 0.44, 1714.44),
(483, 85, CONVERT(date,'05/07/2016',103), 465.74, 0.25, 582.18),
(484, 79, CONVERT(date,'24/07/2016',103), 571.69, 0.07, 611.71),
(485, 29, CONVERT(date,'26/04/2016',103), 70.18, 0.05, 73.69),
(486, 68, CONVERT(date,'14/06/2016',103), 51.03, 0.47, 75.01),
(487, 45, CONVERT(date,'03/08/2016',103), 432.91, 0.18, 510.83),
(488, 25, CONVERT(date,'01/03/2016',103), 1750.60, 0.11, 1943.17),
(489, 53, CONVERT(date,'25/09/2016',103), 2229.71, 0.37, 3054.70),
(490, 8, CONVERT(date,'03/02/2016',103), 643.15, 0.38, 887.55),
(491, 31, CONVERT(date,'14/06/2016',103), 2682.85, 0.34, 3595.02),
(492, 72, CONVERT(date,'28/03/2016',103), 0.00, 0.04, 0.00),
(493, 94, CONVERT(date,'31/03/2016',103), 136.08, 0.12, 152.41),
(494, 32, CONVERT(date,'15/04/2016',103), 225.06, 0.08, 243.06),
(495, 22, CONVERT(date,'19/08/2016',103), 1453.83, 0.05, 1526.52),
(496, 25, CONVERT(date,'02/06/2016',103), 20618.57, 0.08, 22268.06),
(497, 68, CONVERT(date,'01/08/2016',103), 21045.56, 0.02, 21466.47),
(498, 51, CONVERT(date,'11/04/2016',103), 518.00, 0.42, 735.56),
(499, 18, CONVERT(date,'27/04/2016',103), 68.04, 0.14, 77.57),
(500, 42, CONVERT(date,'21/03/2016',103), 11825.85, 0.23, 14545.80);
go

create table linhas (
	numero int primary key,
	numero_fatura int foreign key references faturas(numero),
	cod_produto varchar(10) foreign key references produtos(codigo),
	quantidade_produto int,
	valor decimal(9,2),
	total decimal(9,2)
);
go

INSERT INTO linhas (numero, numero_fatura, cod_produto, quantidade_produto, valor, total) VALUES
(1, 1, 'CPAE71', 9, 4653.00, 2652.21),
(2, 1, 'JCSA12', 4, 229.20, 229.20),
(3, 2, 'MMSN97', 4, 466.20, 466.20),
(4, 3, 'SSGS3G6', 10, 31990.00, 29430.80),
(5, 1, 'MMSN97', 10, 1165.50, 1165.50),
(6, 2, 'MGNA90', 2, 159.80, 107.07),
(7, 3, 'SSGS3G6', 8, 25592.00, 23544.64),
(8, 1, 'CSCBPN16', 7, 132.30, 119.07),
(9, 2, 'MBFN73', 1, 94.00, 94.00),
(10, 3, 'S4LLV80', 3, 2699.73, 2699.73),
(11, 1, 'CSCZPN44', 10, 168.00, 151.20),
(12, 1, 'MMSN97', 10, 1165.50, 1165.50),
(13, 1, 'S4LLV80', 8, 7199.28, 7199.28),
(14, 2, 'PPNM74', 3, 72.60, 67.52),
(15, 3, 'SSGS3G6', 6, 19194.00, 17658.48),
(16, 1, 'MGNA90', 8, 639.20, 428.26),
(17, 1, 'MBFN73', 9, 846.00, 846.00),
(18, 2, 'CSCBPN16', 7, 132.30, 119.07),
(19, 3, 'NAAE13', 5, 9970.25, 8375.01),
(20, 1, 'SSGS3G6', 6, 19194.00, 17658.48),
(21, 2, 'NAAE13', 4, 7976.20, 6700.01),
(22, 3, 'SSGS3G6', 4, 12796.00, 11772.32),
(23, 4, 'JCSA12', 3, 171.90, 171.90),
(24, 1, 'PPNM74', 1, 24.20, 22.51),
(25, 2, 'CSCBPN16', 7, 132.30, 119.07),
(26, 1, 'PNMC64', 5, 370.00, 370.00),
(27, 2, 'MMSN97', 7, 815.85, 815.85),
(28, 3, 'CSCBPN16', 7, 132.30, 119.07),
(29, 4, 'MBFN73', 1, 94.00, 94.00),
(30, 1, 'CSCBPN16', 6, 113.40, 102.06),
(31, 2, 'JCSA12', 3, 171.90, 171.90),
(32, 3, 'CCDFS65', 2, 161.34, 140.37),
(33, 1, 'CSCZPN44', 4, 67.20, 60.48),
(34, 1, 'MMSN97', 7, 815.85, 815.85),
(35, 2, 'NAAE13', 9, 17946.45, 15075.02),
(36, 1, 'JCSS32', 8, 583.36, 571.69),
(37, 1, 'MMSN97', 10, 1165.50, 1165.50),
(38, 2, 'PPNM74', 7, 169.40, 157.54),
(39, 3, 'CSCZPN44', 9, 151.20, 136.08),
(40, 4, 'PNMC64', 3, 222.00, 222.00),
(41, 5, 'MBFN73', 7, 658.00, 658.00),
(42, 6, 'MMSN97', 6, 699.30, 699.30),
(43, 7, 'PNMC64', 10, 740.00, 740.00),
(44, 8, 'NAAE13', 4, 7976.20, 6700.01),
(45, 2, 'S4LLV80', 5, 4499.55, 4499.55),
(46, 1, 'PPNM74', 1, 24.20, 22.51),
(47, 2, 'MGNA90', 3, 239.70, 160.60),
(48, 1, 'MGNA90', 1, 79.90, 53.53),
(49, 2, 'CSCBPN16', 7, 132.30, 119.07),
(50, 1, 'S4LLV80', 2, 1799.82, 1799.82),
(51, 2, 'JCSA12', 4, 229.20, 229.20),
(52, 1, 'PNMC64', 4, 296.00, 296.00),
(53, 2, 'JCSS32', 4, 291.68, 285.85),
(54, 1, 'CSCBPN16', 7, 132.30, 119.07),
(55, 2, 'PPNM74', 6, 145.20, 135.04),
(56, 1, 'JCSA12', 10, 573.00, 573.00),
(57, 1, 'SSGS3G6', 3, 9597.00, 8829.24),
(58, 2, 'NAAE13', 3, 5982.15, 5025.01),
(59, 3, 'NAAE13', 9, 17946.45, 15075.02),
(60, 4, 'CCDFS65', 4, 322.68, 280.73),
(61, 5, 'JCSS32', 10, 729.20, 714.62),
(62, 1, 'CSCZPN44', 9, 151.20, 136.08),
(63, 2, 'JCSA12', 6, 343.80, 343.80),
(64, 1, 'MBFN73', 6, 564.00, 564.00),
(65, 1, 'JCSA12', 9, 515.70, 515.70),
(66, 2, 'MGNA90', 1, 79.90, 53.53),
(67, 1, 'CSCZPN44', 10, 168.00, 151.20),
(68, 2, 'PNMC64', 8, 592.00, 592.00),
(69, 3, 'MMSN97', 9, 1048.95, 1048.95),
(70, 1, 'CSCBPN16', 6, 113.40, 102.06),
(71, 2, 'PPNM74', 2, 48.40, 45.01),
(72, 3, 'MBFN73', 10, 940.00, 940.00),
(73, 1, 'MBFN73', 8, 752.00, 752.00),
(74, 1, 'S4LLV80', 10, 8999.10, 8999.10),
(75, 2, 'PPNM74', 10, 242.00, 225.06),
(76, 1, 'PNMC64', 1, 74.00, 74.00),
(77, 2, 'JCSS32', 2, 145.84, 142.92),
(78, 3, 'JCSA12', 8, 458.40, 458.40),
(79, 4, 'CSCBPN16', 3, 56.70, 51.03),
(80, 1, 'PPNM74', 1, 24.20, 22.51),
(81, 1, 'NAAE13', 10, 19940.50, 16750.02),
(82, 2, 'MGNA90', 3, 239.70, 160.60),
(83, 3, 'MGNA90', 7, 559.30, 374.73),
(84, 1, 'JCSS32', 2, 145.84, 142.92),
(85, 1, 'JCSA12', 1, 57.30, 57.30),
(86, 1, 'SSGS3G6', 5, 15995.00, 14715.40),
(87, 2, 'PPNM74', 1, 24.20, 22.51),
(88, 1, 'CCDFS65', 6, 484.02, 421.10),
(89, 2, 'PPNM74', 4, 96.80, 90.02),
(90, 3, 'CCDFS65', 3, 242.01, 210.55),
(91, 1, 'JCSS32', 7, 510.44, 500.23),
(92, 2, 'NAAE13', 8, 15952.40, 13400.02),
(93, 1, 'CCDFS65', 8, 645.36, 561.46),
(94, 1, 'JCSS32', 8, 583.36, 571.69),
(95, 1, 'MGNA90', 5, 399.50, 267.67),
(96, 1, 'CSCBPN16', 9, 170.10, 153.09),
(97, 2, 'CCDFS65', 3, 242.01, 210.55),
(98, 1, 'CSCZPN44', 4, 67.20, 60.48),
(99, 2, 'SSGS3G6', 10, 31990.00, 29430.80),
(100, 3, 'CSCZPN44', 3, 50.40, 45.36),
(101, 1, 'CSCZPN44', 1, 16.80, 15.12),
(102, 2, 'CSCBPN16', 6, 113.40, 102.06),
(103, 3, 'PNMC64', 5, 370.00, 370.00),
(104, 4, 'MBFN73', 5, 470.00, 470.00),
(105, 1, 'CCDFS65', 7, 564.69, 491.28),
(106, 2, 'JCSA12', 2, 114.60, 114.60),
(107, 1, 'S4LLV80', 7, 6299.37, 6299.37),
(108, 1, 'NAAE13', 6, 11964.30, 10050.01),
(109, 1, 'NAAE13', 1, 1994.05, 1675.00),
(110, 2, 'CSCBPN16', 5, 94.50, 85.05),
(111, 1, 'CSCZPN44', 4, 67.20, 60.48),
(112, 1, 'MMSN97', 8, 932.40, 932.40),
(113, 1, 'SSGS3G6', 3, 9597.00, 8829.24),
(114, 2, 'CSCZPN44', 9, 151.20, 136.08),
(115, 1, 'PPNM74', 5, 121.00, 112.53),
(116, 2, 'NAAE13', 10, 19940.50, 16750.02),
(117, 1, 'MMSN97', 9, 1048.95, 1048.95),
(118, 2, 'PPNM74', 6, 145.20, 135.04),
(119, 3, 'PPNM74', 7, 169.40, 157.54),
(120, 4, 'S4LLV80', 7, 6299.37, 6299.37),
(121, 1, 'CSCBPN16', 5, 94.50, 85.05),
(122, 2, 'CSCZPN44', 8, 134.40, 120.96),
(123, 1, 'S4LLV80', 10, 8999.10, 8999.10),
(124, 2, 'MMSN97', 3, 349.65, 349.65),
(125, 1, 'MBFN73', 1, 94.00, 94.00),
(126, 2, 'SSGS3G6', 10, 31990.00, 29430.80),
(127, 3, 'S4LLV80', 1, 899.91, 899.91),
(128, 1, 'JCSA12', 10, 573.00, 573.00),
(129, 2, 'CSCZPN44', 3, 50.40, 45.36),
(130, 1, 'NAAE13', 3, 5982.15, 5025.01),
(131, 2, 'NAAE13', 2, 3988.10, 3350.00),
(132, 3, 'MMSN97', 5, 582.75, 582.75),
(133, 1, 'SSGS3G6', 10, 31990.00, 29430.80),
(134, 2, 'MGNA90', 1, 79.90, 53.53),
(135, 3, 'S4LLV80', 1, 899.91, 899.91),
(136, 1, 'CCDFS65', 2, 161.34, 140.37),
(137, 1, 'MMSN97', 5, 582.75, 582.75),
(138, 2, 'JCSS32', 1, 72.92, 71.46),
(139, 3, 'MGNA90', 3, 239.70, 160.60),
(140, 4, 'NAAE13', 5, 9970.25, 8375.01),
(141, 1, 'PNMC64', 6, 444.00, 444.00),
(142, 2, 'JCSS32', 6, 437.52, 428.77),
(143, 1, 'CSCBPN16', 7, 132.30, 119.07),
(144, 2, 'PNMC64', 10, 740.00, 740.00),
(145, 1, 'CCDFS65', 9, 726.03, 631.65),
(146, 2, 'NAAE13', 1, 1994.05, 1675.00),
(147, 3, 'CSCBPN16', 4, 75.60, 68.04),
(148, 1, 'PNMC64', 1, 74.00, 74.00),
(149, 2, 'SSGS3G6', 5, 15995.00, 14715.40),
(150, 3, 'JCSA12', 1, 57.30, 57.30),
(151, 4, 'CCDFS65', 6, 484.02, 421.10);
go

-- exercicio 3
alter table clientes
add data_nascimento date;

-- exercicio 4
select * from clientes;
select * from faturas;
select * from linhas;
select * from fornecedores;
select * from produtos;

-- exercicio 5
select * from clientes
where
	data_nascimento = NULL and
	ddd in (011,012,075,082) and
	saldo > 10000
order by nome, saldo asc

-- exercicio 6
select ddd, sum(codigo) as 'Total'
from clientes
group by ddd;

-- exercicio 7
select * from fornecedores
where estado = 'SP'
order by nome asc;

-- exercicio 8
select estado, sum(codigo) as 'Total' from fornecedores
group by estado;

-- exercicio 9
select * from produtos
where 
	unidades_disponiveis > 40 and
	codigo like 'STL%'
order by codigo asc;

-- exc 10
select * from faturas
where 
	total between 10000 and 300000 and
	imposto between 0.20 and 0.30;

-- exc 11
SELECT *
FROM clientes
WHERE data_nascimento >= '2019-01-01';

-- exc 12
select nome, data_nascimento,
	CONCAT('(' , ddd , ')' , telefone) as 'Telefone com ddd'
from clientes
where data_nascimento >= '1990-01-01';

-- exc 13
select descricao, valor_unitario, taxa_desconto, 
(valor_unitario - (valor_unitario * taxa_desconto)) as 'valor com desconto' 
from produtos;

-- exc 14 -- o mesmo que antes porém agora com 2 casas decimais
select descricao, valor_unitario, taxa_desconto, 
	CONVERT(decimal(10,2), (valor_unitario - (valor_unitario * taxa_desconto))) as 'valor com desconto' 
from produtos;

-- exc 15
select * from clientes, fornecedores, produtos;
-- ou
select * from clientes
cross join fornecedores
cross join produtos;

-- exc 16
select c.codigo, c.nome, f.numero as 'Numero da Fatura', f.total as 'Total fatura'
from clientes c, faturas f
where c.codigo = f.cod_cliente;
--ou
select c.codigo, c.nome, f.numero as 'Numero da Fatura', f.total as 'Total fatura'
from clientes c inner join faturas f
	on c.codigo = f.cod_cliente;

-- exc 17
select 
	f.codigo as 'Codigo fornecedor', 
	f.nome as 'Nome fornecedor',
	f.telefone as 'Telefone fornecedor',
	p.descricao as 'Produto'
from fornecedores f inner join produtos p 
	on f.codigo = p.cod_fornecedor
order by f.codigo, f.nome, p.descricao;

-- exc 18 ??
select 
	c.codigo as 'Codigo Cliente',
	c.nome as 'Nome cliente',
	f.numero as 'Numero Fatura',
	f.total as 'Total fatura'
from clientes c LEFT JOIN faturas f ON c.codigo = f.cod_cliente
WHERE f.numero IS NULL;

-- exc 19


